SET NAMES utf8mb4;
USE lab_recruitment;
SET FOREIGN_KEY_CHECKS = 0;

INSERT INTO t_college (id, college_code, college_name, admin_user_id, status, remark) VALUES
(1, 'CS', '计算机学院', NULL, 1, '负责软件与系统方向实验室建设'),
(2, 'AI', '人工智能学院', NULL, 1, '负责数据智能与大模型方向建设'),
(3, 'EE', '电子信息学院', NULL, 1, '负责嵌入式与硬件创新方向建设'),
(4, 'SD', '软件学院', NULL, 1, '负责软件工程与敏捷开发方向建设'),
(5, 'MA', '数学学院', NULL, 1, '负责数学建模与算法研究方向建设');

INSERT INTO t_lab (id, lab_name, lab_code, college_id, lab_desc, teacher_name, location, contact_email, require_skill, recruit_num, current_num, status, founding_date, awards, outstanding_seniors, basic_info, advisors, current_admins, interview_open) VALUES
(1, '智能应用创新实验室', 'LAB-CS-001', 1, '聚焦 Web 平台、数据应用与工程实践，承担校内创新项目与竞赛训练。', '张建国', '信息楼A301', 'iai_lab@school.edu.cn', 'Java、Spring Boot、Vue、MySQL', 12, 2, 1, '2022-09', '省级软件设计大赛二等奖、互联网+校赛金奖', '[{"name":"张晓明","major":"软件工程","achievement":"入职阿里巴巴"},{"name":"李华","major":"计科","achievement":"保研清华大学"}]', '面向校级数字化项目、竞赛与工程训练的综合实验室。', '张建国、刘志强', '张教授', 1),
(2, '数据智能与决策实验室', 'LAB-AI-001', 2, '聚焦数据分析、机器学习、决策支持与大模型应用，服务科研与项目孵化。', '李明', '科研楼B204', 'data_lab@school.edu.cn', 'Python、机器学习、数据分析、深度学习', 15, 1, 1, '2023-03', '数学建模省赛一等奖、智能决策挑战赛二等奖', '[{"name":"王五","major":"人工智能","achievement":"入职百度"},{"name":"赵六","major":"大数据","achievement":"保研北京大学"}]', '建设数据分析、AIGC 与科研训练的联合实践平台。', '李明、周岚', '李教授', 1),
(3, '嵌入式与物联网实验室', 'LAB-EE-001', 3, '聚焦嵌入式系统、智能硬件、传感网络与控制系统开发。', '王海涛', '实训楼C108', 'iot_lab@school.edu.cn', 'C/C++、单片机、嵌入式 Linux、硬件调试', 10, 1, 1, '2021-11', '电子设计竞赛省赛一等奖、物联网应用创新赛三等奖', '[{"name":"孙琦","major":"电子信息","achievement":"入职华为"},{"name":"周吴","major":"物联网","achievement":"保研复旦大学"}]', '承担嵌入式项目实训、硬件竞赛与成果转化。', '王海涛、陈峰', '王教授', 1),
(4, '软件工程实验室', 'LAB-SD-001', 4, '专注于软件工程方法论与高质量软件开发。', '赵敏', '信息楼A401', 'sd_lab@school.edu.cn', 'Java、Go、Docker、Kubernetes', 10, 0, 1, '2023-05', '软件工程大赛全国一等奖', '[{"name":"陈龙","major":"软件工程","achievement":"入职腾讯"}]', '软件工程研究与实践基地。', '赵敏、李华', '赵教授', 1),
(5, '算法竞赛实验室', 'LAB-MA-001', 5, '专注于 ACM/ICPC、蓝桥杯等算法竞赛。', '钱峰', '理学院B301', 'algo_lab@school.edu.cn', 'C++、算法、数据结构', 20, 0, 1, '2020-09', 'ACM 区域赛金奖', '[{"name":"郑毅","major":"数学","achievement":"入职字节跳动"}]', '算法与数学竞赛训练中心。', '钱峰、孙博', '钱教授', 1);

INSERT INTO t_user (id, username, password, real_name, role, student_id, college, major, grade, phone, email, avatar, resume, lab_id, can_edit, status, deleted) VALUES
(1, 'super_admin', '$2a$10$hDR6MPU7eW3XYq/DiRwqCuZHJ6B1kCO.vWmsuo2Tal79eDKfFl8r2', '系统总负责人', 'super_admin', NULL, NULL, NULL, NULL, '13800000001', 'superadmin@school.edu.cn', NULL, NULL, NULL, 1, 1, 0),
(2, 'admin', '$2a$10$hDR6MPU7eW3XYq/DiRwqCuZHJ6B1kCO.vWmsuo2Tal79eDKfFl8r2', '平台总管理员', 'super_admin', NULL, NULL, NULL, NULL, '13800000002', 'admin@school.edu.cn', NULL, NULL, NULL, 1, 1, 0),
(3, 'cs_admin', '$2a$10$hDR6MPU7eW3XYq/DiRwqCuZHJ6B1kCO.vWmsuo2Tal79eDKfFl8r2', '张教授', 'admin', NULL, '计算机学院', NULL, NULL, '13800000003', 'cs_admin@school.edu.cn', NULL, NULL, 1, 1, 1, 0),
(4, 'ai_admin', '$2a$10$hDR6MPU7eW3XYq/DiRwqCuZHJ6B1kCO.vWmsuo2Tal79eDKfFl8r2', '李教授', 'admin', NULL, '人工智能学院', NULL, NULL, '13800000004', 'ai_admin@school.edu.cn', NULL, NULL, 2, 1, 1, 0),
(5, 'ee_admin', '$2a$10$hDR6MPU7eW3XYq/DiRwqCuZHJ6B1kCO.vWmsuo2Tal79eDKfFl8r2', '王教授', 'admin', NULL, '电子信息学院', NULL, NULL, '13800000005', 'ee_admin@school.edu.cn', NULL, NULL, 3, 1, 1, 0),
(6, '2023101001', '$2a$10$hDR6MPU7eW3XYq/DiRwqCuZHJ6B1kCO.vWmsuo2Tal79eDKfFl8r2', '陈一凡', 'student', '2023101001', '计算机学院', '软件工程', '2023级', '13800010001', '2023101001@school.edu.cn', NULL, NULL, 1, 1, 1, 0),
(7, '2023101002', '$2a$10$hDR6MPU7eW3XYq/DiRwqCuZHJ6B1kCO.vWmsuo2Tal79eDKfFl8r2', '刘思远', 'student', '2023101002', '计算机学院', '计算机科学与技术', '2023级', '13800010002', '2023101002@school.edu.cn', NULL, NULL, 1, 1, 1, 0),
(8, '2023102001', '$2a$10$hDR6MPU7eW3XYq/DiRwqCuZHJ6B1kCO.vWmsuo2Tal79eDKfFl8r2', '赵清宁', 'student', '2023102001', '人工智能学院', '人工智能', '2023级', '13800020001', '2023102001@school.edu.cn', NULL, NULL, 2, 1, 1, 0),
(9, '2023102002', '$2a$10$hDR6MPU7eW3XYq/DiRwqCuZHJ6B1kCO.vWmsuo2Tal79eDKfFl8r2', '孙泽宇', 'student', '2023102002', '人工智能学院', '数据科学与大数据技术', '2023级', '13800020002', '2023102002@school.edu.cn', NULL, NULL, 2, 1, 1, 0),
(10, '2023103001', '$2a$10$hDR6MPU7eW3XYq/DiRwqCuZHJ6B1kCO.vWmsuo2Tal79eDKfFl8r2', '周沐阳', 'student', '2023103001', '电子信息学院', '电子信息工程', '2023级', '13800030001', '2023103001@school.edu.cn', NULL, NULL, 3, 1, 1, 0),
(11, '2023103002', '$2a$10$hDR6MPU7eW3XYq/DiRwqCuZHJ6B1kCO.vWmsuo2Tal79eDKfFl8r2', '李可欣', 'student', '2023103002', '电子信息学院', '物联网工程', '2023级', '13800030002', '2023103002@school.edu.cn', NULL, NULL, 3, 1, 1, 0),
(12, '2023104001', '$2a$10$hDR6MPU7eW3XYq/DiRwqCuZHJ6B1kCO.vWmsuo2Tal79eDKfFl8r2', '王嘉禾', 'student', '2023104001', '计算机学院', '软件工程', '2024级', '13800040001', '2023104001@school.edu.cn', NULL, NULL, NULL, 1, 1, 0),
(13, '2023104002', '$2a$10$hDR6MPU7eW3XYq/DiRwqCuZHJ6B1kCO.vWmsuo2Tal79eDKfFl8r2', '何欣悦', 'student', '2023104002', '人工智能学院', '人工智能', '2024级', '13800040002', '2023104002@school.edu.cn', NULL, NULL, NULL, 1, 1, 0),
(14, '2023104003', '$2a$10$hDR6MPU7eW3XYq/DiRwqCuZHJ6B1kCO.vWmsuo2Tal79eDKfFl8r2', '郑宇航', 'student', '2023104003', '电子信息学院', '电子信息工程', '2024级', '13800040003', '2023104003@school.edu.cn', NULL, NULL, NULL, 1, 1, 0);

UPDATE t_college SET admin_user_id = 3 WHERE id = 1;
UPDATE t_college SET admin_user_id = 4 WHERE id = 2;
UPDATE t_college SET admin_user_id = 5 WHERE id = 3;

INSERT INTO t_recruit_plan (id, lab_id, title, start_time, end_time, quota, requirement, status, created_by, create_time, update_time, deleted) VALUES
(1, 1, '2026春季招新计划', '2026-03-01 09:00:00', '2026-04-15 18:00:00', 8, '具备 Java 或前端基础，有项目热情，能稳定参与实验室活动。', 'open', 3, '2026-02-25 10:00:00', '2026-03-01 09:00:00', 0),
(2, 2, '2026数据智能方向招新', '2026-03-05 09:00:00', '2026-04-20 18:00:00', 10, '熟悉 Python、数据分析或机器学习基础，能参与算法与数据项目。', 'open', 4, '2026-02-28 10:00:00', '2026-03-05 09:00:00', 0),
(3, 3, '2026嵌入式项目组招新', '2026-02-10 09:00:00', '2026-03-20 18:00:00', 6, '具备 C/C++、单片机或电路基础，能参与硬件联调。', 'closed', 5, '2026-01-28 10:00:00', '2026-03-21 09:00:00', 0);

INSERT INTO t_lab_member (id, lab_id, user_id, member_role, join_date, status, appointed_by, remark, create_time, update_time, deleted) VALUES
(1, 1, 6, 'lab_leader', '2025-09-01', 'active', 3, '负责项目推进与新人带教', '2025-09-01 09:00:00', '2026-03-01 10:00:00', 0),
(2, 1, 7, 'member', '2025-09-05', 'active', 3, '负责前端与接口联调', '2025-09-05 09:00:00', '2026-03-01 10:00:00', 0),
(3, 2, 8, 'lab_leader', '2025-09-03', 'active', 4, '负责算法训练与科研协同', '2025-09-03 09:00:00', '2026-03-01 10:00:00', 0),
(4, 2, 9, 'member', '2025-09-10', 'active', 4, '负责数据标注与模型评估', '2025-09-10 09:00:00', '2026-03-01 10:00:00', 0),
(5, 3, 10, 'lab_leader', '2025-09-02', 'active', 5, '负责硬件平台与项目排期', '2025-09-02 09:00:00', '2026-03-01 10:00:00', 0),
(6, 3, 11, 'member', '2025-09-12', 'active', 5, '负责嵌入式开发与文档整理', '2025-09-12 09:00:00', '2026-03-01 10:00:00', 0);

INSERT INTO t_lab_apply (id, lab_id, student_user_id, recruit_plan_id, apply_reason, research_interest, skill_summary, status, audit_by, audit_time, audit_comment, create_time, update_time, deleted) VALUES
(1, 1, 12, 1, '希望通过项目训练提升全栈开发能力，并参与校级数字化建设。', 'Web 工程与业务系统设计', '熟悉 Java、Vue 和 MySQL，有课程项目经验。', 'submitted', NULL, NULL, NULL, '2026-03-05 15:20:00', '2026-03-05 15:20:00', 0),
(2, 2, 13, 2, '希望参与数据分析与大模型应用项目，提升科研与工程能力。', '机器学习与 AIGC', '熟悉 Python、Pandas 和基础机器学习。', 'approved', 4, '2026-03-12 10:30:00', '通过初审并录用，安排进入数据处理小组。', '2026-02-18 14:00:00', '2026-03-12 10:30:00', 0),
(3, 3, 14, 3, '希望参与嵌入式项目实践，提升软硬件协同开发能力。', '嵌入式系统与传感控制', '具备 STM32 和 C 语言基础。', 'leader_approved', 5, '2026-03-16 16:00:00', '组长审核通过，待最终确认。', '2025-12-20 11:00:00', '2026-03-16 16:00:00', 0),
(4, 1, 13, 1, '希望参与平台开发，但当前时间安排有限。', '前端开发与产品实现', '掌握 Vue 基础与接口调试。', 'rejected', 3, '2025-11-15 09:40:00', '本轮名额已满，建议下次再申请。', '2025-11-10 13:00:00', '2025-11-15 09:40:00', 0);

INSERT INTO t_notice (id, title, content, publish_scope, college_id, lab_id, publisher_id, status, publish_time, create_time, update_time, deleted) VALUES
(1, '平台重构上线通知', '实验室综合管理与决策分析平台已完成重构上线，请各学院尽快核对基础数据。', 'school', NULL, NULL, 1, 1, '2026-03-28 09:00:00', '2026-03-28 09:00:00', '2026-03-28 09:00:00', 0),
(2, '2026春季实验室招新启动', '本学期实验室招新已全面启动，请同学们关注各实验室计划并按要求提交申请。', 'school', NULL, NULL, 1, 1, '2026-03-25 10:00:00', '2026-03-25 10:00:00', '2026-03-25 10:00:00', 0),
(3, '计算机学院实验室开放日', '计算机学院将于本周五组织实验室开放日活动，欢迎新生到场交流。', 'college', 1, NULL, 1, 1, '2026-03-24 14:00:00', '2026-03-24 14:00:00', '2026-03-24 14:00:00', 0),
(4, '智能应用实验室周例会', '本周例会聚焦平台模块拆分与接口联调，请成员准时参加。', 'lab', 1, 1, 3, 1, '2026-03-30 18:30:00', '2026-03-30 18:30:00', '2026-03-30 18:30:00', 0),
(5, '数据智能实验室论文分享', '本周开展大模型评测论文分享会，成员请提前阅读指定材料。', 'lab', 2, 2, 4, 1, '2026-03-29 19:00:00', '2026-03-29 19:00:00', '2026-03-29 19:00:00', 0),
(6, '嵌入式实验室设备培训', '新增开发板与调试工具已入场，本周组织统一设备培训。', 'lab', 3, 3, 5, 1, '2026-03-27 16:00:00', '2026-03-27 16:00:00', '2026-03-27 16:00:00', 0);

INSERT INTO t_lab_space_folder (id, lab_id, parent_id, folder_name, category, sort_order, access_scope, archived, created_by, create_time, update_time, deleted) VALUES
(1, 1, 0, '基础档案', 'profile', 10, 'lab', 0, 3, '2026-03-01 09:00:00', '2026-03-01 09:00:00', 0),
(2, 1, 0, '招新归档', 'recruit', 20, 'lab', 0, 3, '2026-03-01 09:05:00', '2026-03-01 09:05:00', 0),
(3, 1, 0, '成员档案', 'member', 30, 'lab', 0, 3, '2026-03-01 09:10:00', '2026-03-01 09:10:00', 0),
(4, 1, 0, '项目文档', 'project', 40, 'lab', 0, 3, '2026-03-01 09:15:00', '2026-03-01 09:15:00', 0),
(5, 2, 0, '基础档案', 'profile', 10, 'lab', 0, 4, '2026-03-01 09:00:00', '2026-03-01 09:00:00', 0),
(6, 2, 0, '招新归档', 'recruit', 20, 'lab', 0, 4, '2026-03-01 09:05:00', '2026-03-01 09:05:00', 0),
(7, 2, 0, '成员档案', 'member', 30, 'lab', 0, 4, '2026-03-01 09:10:00', '2026-03-01 09:10:00', 0),
(8, 2, 0, '项目文档', 'project', 40, 'lab', 0, 4, '2026-03-01 09:15:00', '2026-03-01 09:15:00', 0),
(9, 3, 0, '基础档案', 'profile', 10, 'lab', 0, 5, '2026-03-01 09:00:00', '2026-03-01 09:00:00', 0),
(10, 3, 0, '招新归档', 'recruit', 20, 'lab', 0, 5, '2026-03-01 09:05:00', '2026-03-01 09:05:00', 0),
(11, 3, 0, '成员档案', 'member', 30, 'lab', 0, 5, '2026-03-01 09:10:00', '2026-03-01 09:10:00', 0),
(12, 3, 0, '项目文档', 'project', 40, 'lab', 0, 5, '2026-03-01 09:15:00', '2026-03-01 09:15:00', 0);

INSERT INTO t_lab_space_file (id, lab_id, folder_id, file_name, file_url, file_size, file_type, archive_flag, access_scope, version_no, upload_user_id, create_time, update_time, deleted) VALUES
(1, 1, 4, '平台重构任务拆解.xlsx', '/uploads/2026/03/platform-task-breakdown.xlsx', 248576, 'application/vnd.openxmlformats-officedocument.spreadsheetml.sheet', 0, 'lab', 1, 3, '2026-03-30 11:00:00', '2026-03-30 11:00:00', 0),
(2, 1, 2, '2026春招面试安排.pdf', '/uploads/2026/03/cs-recruit-plan.pdf', 126320, 'application/pdf', 1, 'lab', 1, 3, '2026-03-26 09:30:00', '2026-03-26 09:30:00', 0),
(3, 2, 8, '大模型评测报告.docx', '/uploads/2026/03/llm-evaluation-report.docx', 183211, 'application/vnd.openxmlformats-officedocument.wordprocessingml.document', 0, 'lab', 1, 4, '2026-03-29 20:10:00', '2026-03-29 20:10:00', 0),
(4, 2, 6, '训练数据规范.pdf', '/uploads/2026/03/data-standard.pdf', 95420, 'application/pdf', 0, 'lab', 1, 8, '2026-03-23 18:00:00', '2026-03-23 18:00:00', 0),
(5, 3, 12, '嵌入式项目阶段总结.zip', '/uploads/2026/03/embedded-phase-summary.zip', 524288, 'application/zip', 0, 'lab', 1, 5, '2026-03-28 15:45:00', '2026-03-28 15:45:00', 0),
(6, 3, 10, '设备借用清单.xlsx', '/uploads/2026/03/device-list.xlsx', 88412, 'application/vnd.openxmlformats-officedocument.spreadsheetml.sheet', 1, 'lab', 1, 5, '2026-03-22 10:20:00', '2026-03-22 10:20:00', 0);

INSERT INTO t_lab_attendance (id, lab_id, user_id, attendance_date, status, reason, confirmed_by, confirm_time, create_time, update_time, deleted) VALUES
(1, 1, 6, '2026-03-25', 1, NULL, 3, '2026-03-25 20:00:00', '2026-03-25 20:00:00', '2026-03-25 20:00:00', 0),
(2, 1, 6, '2026-03-26', 1, NULL, 3, '2026-03-26 20:00:00', '2026-03-26 20:00:00', '2026-03-26 20:00:00', 0),
(3, 1, 6, '2026-03-27', 1, NULL, 3, '2026-03-27 20:00:00', '2026-03-27 20:00:00', '2026-03-27 20:00:00', 0),
(4, 1, 6, '2026-03-28', 1, NULL, 3, '2026-03-28 20:00:00', '2026-03-28 20:00:00', '2026-03-28 20:00:00', 0),
(5, 1, 6, '2026-03-29', 2, '实验课冲突，迟到15分钟', 3, '2026-03-29 20:00:00', '2026-03-29 20:00:00', '2026-03-29 20:00:00', 0),
(6, 1, 6, '2026-03-30', 1, NULL, 3, '2026-03-30 20:00:00', '2026-03-30 20:00:00', '2026-03-30 20:00:00', 0),
(7, 1, 6, '2026-03-31', 1, NULL, 3, '2026-03-31 20:00:00', '2026-03-31 20:00:00', '2026-03-31 20:00:00', 0),
(8, 1, 7, '2026-03-25', 1, NULL, 3, '2026-03-25 20:00:00', '2026-03-25 20:00:00', '2026-03-25 20:00:00', 0),
(9, 1, 7, '2026-03-26', 1, NULL, 3, '2026-03-26 20:00:00', '2026-03-26 20:00:00', '2026-03-26 20:00:00', 0),
(10, 1, 7, '2026-03-27', 1, NULL, 3, '2026-03-27 20:00:00', '2026-03-27 20:00:00', '2026-03-27 20:00:00', 0),
(11, 1, 7, '2026-03-28', 4, '请假未批准，记为缺勤', 3, '2026-03-28 20:00:00', '2026-03-28 20:00:00', '2026-03-28 20:00:00', 0),
(12, 1, 7, '2026-03-29', 1, NULL, 3, '2026-03-29 20:00:00', '2026-03-29 20:00:00', '2026-03-29 20:00:00', 0),
(13, 1, 7, '2026-03-30', 1, NULL, 3, '2026-03-30 20:00:00', '2026-03-30 20:00:00', '2026-03-30 20:00:00', 0),
(14, 1, 7, '2026-03-31', 1, NULL, 3, '2026-03-31 20:00:00', '2026-03-31 20:00:00', '2026-03-31 20:00:00', 0),
(15, 2, 8, '2026-03-25', 1, NULL, 4, '2026-03-25 20:00:00', '2026-03-25 20:00:00', '2026-03-25 20:00:00', 0),
(16, 2, 8, '2026-03-26', 1, NULL, 4, '2026-03-26 20:00:00', '2026-03-26 20:00:00', '2026-03-26 20:00:00', 0),
(17, 2, 8, '2026-03-27', 1, NULL, 4, '2026-03-27 20:00:00', '2026-03-27 20:00:00', '2026-03-27 20:00:00', 0),
(18, 2, 8, '2026-03-28', 1, NULL, 4, '2026-03-28 20:00:00', '2026-03-28 20:00:00', '2026-03-28 20:00:00', 0),
(19, 2, 8, '2026-03-29', 1, NULL, 4, '2026-03-29 20:00:00', '2026-03-29 20:00:00', '2026-03-29 20:00:00', 0),
(20, 2, 8, '2026-03-30', 1, NULL, 4, '2026-03-30 20:00:00', '2026-03-30 20:00:00', '2026-03-30 20:00:00', 0),
(21, 2, 8, '2026-03-31', 1, NULL, 4, '2026-03-31 20:00:00', '2026-03-31 20:00:00', '2026-03-31 20:00:00', 0),
(22, 2, 9, '2026-03-25', 1, NULL, 4, '2026-03-25 20:00:00', '2026-03-25 20:00:00', '2026-03-25 20:00:00', 0),
(23, 2, 9, '2026-03-26', 1, NULL, 4, '2026-03-26 20:00:00', '2026-03-26 20:00:00', '2026-03-26 20:00:00', 0),
(24, 2, 9, '2026-03-27', 1, NULL, 4, '2026-03-27 20:00:00', '2026-03-27 20:00:00', '2026-03-27 20:00:00', 0),
(25, 2, 9, '2026-03-28', 1, NULL, 4, '2026-03-28 20:00:00', '2026-03-28 20:00:00', '2026-03-28 20:00:00', 0),
(26, 2, 9, '2026-03-29', 1, NULL, 4, '2026-03-29 20:00:00', '2026-03-29 20:00:00', '2026-03-29 20:00:00', 0),
(27, 2, 9, '2026-03-30', 3, '参加校级竞赛，已请假', 4, '2026-03-30 20:00:00', '2026-03-30 20:00:00', '2026-03-30 20:00:00', 0),
(28, 2, 9, '2026-03-31', 1, NULL, 4, '2026-03-31 20:00:00', '2026-03-31 20:00:00', '2026-03-31 20:00:00', 0),
(29, 3, 10, '2026-03-25', 1, NULL, 5, '2026-03-25 20:00:00', '2026-03-25 20:00:00', '2026-03-25 20:00:00', 0),
(30, 3, 10, '2026-03-26', 1, NULL, 5, '2026-03-26 20:00:00', '2026-03-26 20:00:00', '2026-03-26 20:00:00', 0),
(31, 3, 10, '2026-03-27', 5, '补签校外调试记录', 5, '2026-03-27 20:00:00', '2026-03-27 20:00:00', '2026-03-27 20:00:00', 0),
(32, 3, 10, '2026-03-28', 1, NULL, 5, '2026-03-28 20:00:00', '2026-03-28 20:00:00', '2026-03-28 20:00:00', 0),
(33, 3, 10, '2026-03-29', 1, NULL, 5, '2026-03-29 20:00:00', '2026-03-29 20:00:00', '2026-03-29 20:00:00', 0),
(34, 3, 10, '2026-03-30', 1, NULL, 5, '2026-03-30 20:00:00', '2026-03-30 20:00:00', '2026-03-30 20:00:00', 0),
(35, 3, 10, '2026-03-31', 1, NULL, 5, '2026-03-31 20:00:00', '2026-03-31 20:00:00', '2026-03-31 20:00:00', 0),
(36, 3, 11, '2026-03-25', 1, NULL, 5, '2026-03-25 20:00:00', '2026-03-25 20:00:00', '2026-03-25 20:00:00', 0),
(37, 3, 11, '2026-03-26', 2, '设备调试延误，迟到10分钟', 5, '2026-03-26 20:00:00', '2026-03-26 20:00:00', '2026-03-26 20:00:00', 0),
(38, 3, 11, '2026-03-27', 1, NULL, 5, '2026-03-27 20:00:00', '2026-03-27 20:00:00', '2026-03-27 20:00:00', 0),
(39, 3, 11, '2026-03-28', 1, NULL, 5, '2026-03-28 20:00:00', '2026-03-28 20:00:00', '2026-03-28 20:00:00', 0),
(40, 3, 11, '2026-03-29', 1, NULL, 5, '2026-03-29 20:00:00', '2026-03-29 20:00:00', '2026-03-29 20:00:00', 0),
(41, 3, 11, '2026-03-30', 1, NULL, 5, '2026-03-30 20:00:00', '2026-03-30 20:00:00', '2026-03-30 20:00:00', 0),
(42, 3, 11, '2026-03-31', 1, NULL, 5, '2026-03-31 20:00:00', '2026-03-31 20:00:00', '2026-03-31 20:00:00', 0);

INSERT INTO t_lab_exit_application (id, user_id, lab_id, reason, status, audit_remark, audit_by, audit_time, create_time, update_time, deleted) VALUES
(1, 7, 1, '近期课程设计冲刺，暂时无法继续稳定参加实验室安排。', 0, NULL, NULL, NULL, '2026-03-30 21:00:00', '2026-03-30 21:00:00', 0),
(2, 11, 3, '计划转向企业实习，希望本学期结束后退出实验室。', 2, '建议完成当前项目后再重新申请退出。', 5, '2026-03-22 10:00:00', '2026-03-21 18:30:00', '2026-03-22 10:00:00', 0);

INSERT INTO t_lab_create_apply (id, applicant_user_id, college_id, lab_name, teacher_name, location, contact_email, research_direction, apply_reason, status, college_audit_by, college_audit_time, college_audit_comment, school_audit_by, school_audit_time, school_audit_comment, generated_lab_id, create_time, update_time, deleted) VALUES
(1, 12, 1, '机器人视觉创新实验室', '杨帆', '信息楼A305', 'vision_lab@school.edu.cn', '机器人视觉、多模态感知与智能交互', '拟建设面向竞赛与项目训练的机器人视觉创新团队，支持低年级学生参与科研启蒙。', 'submitted', NULL, NULL, NULL, NULL, NULL, NULL, NULL, '2026-03-26 10:00:00', '2026-03-26 10:00:00', 0),
(2, 13, 2, '大模型应用工程实验室', '周岚', '科研楼B301', 'llm_lab@school.edu.cn', '大模型应用开发、智能体与行业知识库', '计划围绕大模型工程化应用开展项目训练，服务学院科研与企业合作。', 'college_approved', 4, '2026-03-20 14:00:00', '学院同意上报学校复审。', NULL, NULL, NULL, NULL, '2026-03-18 11:30:00', '2026-03-20 14:00:00', 0),
(3, 14, 3, '智能传感与控制实验室', '陈峰', '实训楼C210', 'sensor_lab@school.edu.cn', '智能传感、边缘控制与设备联调', '希望组建偏硬件方向的传感控制实验室，补足竞赛训练链路。', 'rejected', 5, '2026-03-18 09:30:00', '与现有实验室方向重复，建议并入现有团队。', NULL, NULL, NULL, NULL, '2026-03-17 16:20:00', '2026-03-18 09:30:00', 0);

SET FOREIGN_KEY_CHECKS = 1;

